url,color,color,color
http://i.imgur.com/FApqk3D.jpg,#ffffff,#000000,#f3c300
http://i.imgur.com/TKLs9lo.jpg,#ffffff,#fefefe,#f7f7f7
https://i.redd.it/d8021b5i2moy.jpg,#ffffff,#020305,#030406
https://i.redd.it/4m5yk8gjrtzy.jpg,#010101,#020001,#040001
https://i.redd.it/xae65ypfqycy.jpg,#f4f4f4,#c83a2e,#c24541
http://i.imgur.com/lcEUZHv.jpg,#ffffff,#c6bbbf,#444a5a
https://i.redd.it/1nlgrn49x7ry.jpg,#0f0f0f,#101010,#14100d
http://i.imgur.com/M3NOzLC.jpg,#ffffff,#93907d,#928f7c
https://i.redd.it/w5q6gldnvcuy.jpg,#f3f3f3,#19161d,#18151c
https://i.redd.it/s5viyluv421z.jpg,#f5eedc,#7a522f,#f6efdd
https://i.redd.it/h5t3qddvvzry.jpg,#0e0e0e,#0d0d0d,#020202
https://i.redd.it/ftd3sx5ah13z.jpg,#fdfeff,#b44b2d,#b54b31
https://i.redd.it/7ofdqmp53bzy.jpg,#978a6a,#968969,#958868
http://i.imgur.com/sXhEQez.jpg,#ffffff,#000000,#fefefe
https://i.redd.it/cwljeujku33z.jpg,#e9e6df,#e4e1dc,#e9e4de
https://i.redd.it/fsuv32a1cc9y.jpg,#ffffff,#fefefe,#fdfdfd
http://i.imgur.com/enhDnTM.jpg,#ffffff,#000000,#c7e5ef
http://i.imgur.com/tyDhTll.jpg,#070705,#050503,#060604
http://i.imgur.com/puEqa4C.jpg,#908e9c,#928fa2,#92909e
https://i.redd.it/ihczg3pmle3z.jpg,#b0b9a8,#a3ac9b,#afb8a7
https://i.redd.it/cpkq97klre4z.jpg,#777868,#767767,#b3b4a4
http://i.imgur.com/RycdbMO.jpg,#f0f7ff,#f2f9ff,#f1f8ff
https://i.redd.it/sn7ufk9fsv4z.jpg,#ccd1d7,#cbd0d6,#cacfd5
https://i.redd.it/n9jq5j2tatcy.jpg,#f3ffff,#f3feff,#f4ffff
https://i.redd.it/0qow2dksb34z.jpg,#ffffff,#9fcaec,#fffffd
http://i.imgur.com/pt9rmrv.jpg,#ffffff,#fcebdb,#fbeada
http://i.imgur.com/6pnYQUv.jpg,#191a1e,#1a1b1f,#18191d
https://i.imgur.com/HRgRMOw.jpg,#a4a3a8,#408a59,#40895b
https://i.redd.it/rubsfuf64lvy.jpg,#bbb4a2,#bcb5a3,#bab3a1
https://i.redd.it/nrafqoujmety.jpg,#232124,#242225,#222023
https://i.redd.it/ru12lvaf7jyy.jpg,#9d9996,#9c9895,#9e9a97
https://i.redd.it/c5pk0vnpg3ty.jpg,#6e81cd,#6e81ce,#fefefe
http://i.imgur.com/qvnjbVw.jpg,#a9acb5,#a8abb4,#aaadb6
https://i.redd.it/ax4eueu0szpy.jpg,#22273a,#bcbac8,#bcbac7
https://i.redd.it/guul6eld2soy.jpg,#6b7b94,#6d7d96,#807967
http://i.imgur.com/Gh2I3pq.jpg,#c7b09e,#ceb9a8,#cfbaa9
https://i.redd.it/m4cfqp8wfv5z.jpg,#dadadc,#d0d0d0,#d1d1d1
https://i.redd.it/tb5pckm6e72y.jpg,#b8b6aa,#a1a29d,#a0a19c
https://i.redd.it/fyqzavufvjwy.jpg,#dcb083,#fefefe,#daae81
https://i.redd.it/lsuw4p2ncyny.jpg,#ffffff,#af7536,#fffffd
http://i.imgur.com/FApqk3D.jpg,#ffffff,#000000,#f3c300
http://i.imgur.com/TKLs9lo.jpg,#ffffff,#fefefe,#f7f7f7
https://i.redd.it/d8021b5i2moy.jpg,#ffffff,#020305,#030406
https://i.redd.it/4m5yk8gjrtzy.jpg,#010101,#020001,#040001
https://i.redd.it/xae65ypfqycy.jpg,#f4f4f4,#c83a2e,#c24541
http://i.imgur.com/lcEUZHv.jpg,#ffffff,#c6bbbf,#444a5a
https://i.redd.it/1nlgrn49x7ry.jpg,#0f0f0f,#101010,#14100d
http://i.imgur.com/M3NOzLC.jpg,#ffffff,#93907d,#928f7c
https://i.redd.it/w5q6gldnvcuy.jpg,#f3f3f3,#19161d,#18151c
https://i.redd.it/s5viyluv421z.jpg,#f5eedc,#7a522f,#f6efdd
https://i.redd.it/h5t3qddvvzry.jpg,#0e0e0e,#0d0d0d,#020202
https://i.redd.it/ftd3sx5ah13z.jpg,#fdfeff,#b44b2d,#b54b31
https://i.redd.it/7ofdqmp53bzy.jpg,#978a6a,#968969,#958868
http://i.imgur.com/sXhEQez.jpg,#ffffff,#000000,#fefefe
https://i.redd.it/cwljeujku33z.jpg,#e9e6df,#e4e1dc,#e9e4de
https://i.redd.it/fsuv32a1cc9y.jpg,#ffffff,#fefefe,#fdfdfd
http://i.imgur.com/enhDnTM.jpg,#ffffff,#000000,#c7e5ef
http://i.imgur.com/tyDhTll.jpg,#070705,#050503,#060604
http://i.imgur.com/puEqa4C.jpg,#908e9c,#928fa2,#92909e
https://i.redd.it/ihczg3pmle3z.jpg,#b0b9a8,#a3ac9b,#afb8a7
https://i.redd.it/cpkq97klre4z.jpg,#777868,#767767,#b3b4a4
http://i.imgur.com/RycdbMO.jpg,#f0f7ff,#f2f9ff,#f1f8ff
https://i.redd.it/sn7ufk9fsv4z.jpg,#ccd1d7,#cbd0d6,#cacfd5
https://i.redd.it/n9jq5j2tatcy.jpg,#f3ffff,#f3feff,#f4ffff
https://i.redd.it/0qow2dksb34z.jpg,#ffffff,#9fcaec,#fffffd
http://i.imgur.com/pt9rmrv.jpg,#ffffff,#fcebdb,#fbeada
http://i.imgur.com/6pnYQUv.jpg,#191a1e,#1a1b1f,#18191d
https://i.imgur.com/HRgRMOw.jpg,#a4a3a8,#408a59,#40895b
https://i.redd.it/rubsfuf64lvy.jpg,#bbb4a2,#bcb5a3,#bab3a1
https://i.redd.it/nrafqoujmety.jpg,#232124,#242225,#222023
https://i.redd.it/ru12lvaf7jyy.jpg,#9d9996,#9c9895,#9e9a97
https://i.redd.it/c5pk0vnpg3ty.jpg,#6e81cd,#6e81ce,#fefefe
http://i.imgur.com/qvnjbVw.jpg,#a9acb5,#a8abb4,#aaadb6
https://i.redd.it/ax4eueu0szpy.jpg,#22273a,#bcbac8,#bcbac7
https://i.redd.it/guul6eld2soy.jpg,#6b7b94,#6d7d96,#807967
http://i.imgur.com/Gh2I3pq.jpg,#c7b09e,#ceb9a8,#cfbaa9
https://i.redd.it/m4cfqp8wfv5z.jpg,#dadadc,#d0d0d0,#d1d1d1
https://i.redd.it/tb5pckm6e72y.jpg,#b8b6aa,#a1a29d,#a0a19c
https://i.redd.it/fyqzavufvjwy.jpg,#dcb083,#fefefe,#daae81
https://i.redd.it/lsuw4p2ncyny.jpg,#ffffff,#af7536,#fffffd
http://i.imgur.com/FApqk3D.jpg,#ffffff,#000000,#f3c300
http://i.imgur.com/TKLs9lo.jpg,#ffffff,#fefefe,#f7f7f7
https://i.redd.it/d8021b5i2moy.jpg,#ffffff,#020305,#030406
https://i.redd.it/4m5yk8gjrtzy.jpg,#010101,#020001,#040001
https://i.redd.it/xae65ypfqycy.jpg,#f4f4f4,#c83a2e,#c24541
http://i.imgur.com/lcEUZHv.jpg,#ffffff,#c6bbbf,#444a5a
https://i.redd.it/1nlgrn49x7ry.jpg,#0f0f0f,#101010,#14100d
http://i.imgur.com/M3NOzLC.jpg,#ffffff,#93907d,#928f7c
https://i.redd.it/w5q6gldnvcuy.jpg,#f3f3f3,#19161d,#18151c
https://i.redd.it/s5viyluv421z.jpg,#f5eedc,#7a522f,#f6efdd
https://i.redd.it/h5t3qddvvzry.jpg,#0e0e0e,#0d0d0d,#020202
https://i.redd.it/ftd3sx5ah13z.jpg,#fdfeff,#b44b2d,#b54b31
https://i.redd.it/7ofdqmp53bzy.jpg,#978a6a,#968969,#958868
http://i.imgur.com/sXhEQez.jpg,#ffffff,#000000,#fefefe
https://i.redd.it/cwljeujku33z.jpg,#e9e6df,#e4e1dc,#e9e4de
https://i.redd.it/fsuv32a1cc9y.jpg,#ffffff,#fefefe,#fdfdfd
http://i.imgur.com/enhDnTM.jpg,#ffffff,#000000,#c7e5ef
http://i.imgur.com/tyDhTll.jpg,#070705,#050503,#060604
http://i.imgur.com/puEqa4C.jpg,#908e9c,#928fa2,#92909e
https://i.redd.it/ihczg3pmle3z.jpg,#b0b9a8,#a3ac9b,#afb8a7
https://i.redd.it/cpkq97klre4z.jpg,#777868,#767767,#b3b4a4
http://i.imgur.com/RycdbMO.jpg,#f0f7ff,#f2f9ff,#f1f8ff
https://i.redd.it/sn7ufk9fsv4z.jpg,#ccd1d7,#cbd0d6,#cacfd5
https://i.redd.it/n9jq5j2tatcy.jpg,#f3ffff,#f3feff,#f4ffff
https://i.redd.it/0qow2dksb34z.jpg,#ffffff,#9fcaec,#fffffd
http://i.imgur.com/pt9rmrv.jpg,#ffffff,#fcebdb,#fbeada
http://i.imgur.com/6pnYQUv.jpg,#191a1e,#1a1b1f,#18191d
https://i.imgur.com/HRgRMOw.jpg,#a4a3a8,#408a59,#40895b
https://i.redd.it/rubsfuf64lvy.jpg,#bbb4a2,#bcb5a3,#bab3a1
https://i.redd.it/nrafqoujmety.jpg,#232124,#242225,#222023
https://i.redd.it/ru12lvaf7jyy.jpg,#9d9996,#9c9895,#9e9a97
https://i.redd.it/c5pk0vnpg3ty.jpg,#6e81cd,#6e81ce,#fefefe
http://i.imgur.com/qvnjbVw.jpg,#a9acb5,#a8abb4,#aaadb6
https://i.redd.it/ax4eueu0szpy.jpg,#22273a,#bcbac8,#bcbac7
https://i.redd.it/guul6eld2soy.jpg,#6b7b94,#6d7d96,#807967
http://i.imgur.com/Gh2I3pq.jpg,#c7b09e,#ceb9a8,#cfbaa9
https://i.redd.it/m4cfqp8wfv5z.jpg,#dadadc,#d0d0d0,#d1d1d1
https://i.redd.it/tb5pckm6e72y.jpg,#b8b6aa,#a1a29d,#a0a19c
https://i.redd.it/fyqzavufvjwy.jpg,#dcb083,#fefefe,#daae81
https://i.redd.it/lsuw4p2ncyny.jpg,#ffffff,#af7536,#fffffd
http://i.imgur.com/FApqk3D.jpg,#ffffff,#000000,#f3c300
http://i.imgur.com/TKLs9lo.jpg,#ffffff,#fefefe,#f7f7f7
https://i.redd.it/d8021b5i2moy.jpg,#ffffff,#020305,#030406
https://i.redd.it/4m5yk8gjrtzy.jpg,#010101,#020001,#040001
https://i.redd.it/xae65ypfqycy.jpg,#f4f4f4,#c83a2e,#c24541
http://i.imgur.com/lcEUZHv.jpg,#ffffff,#c6bbbf,#444a5a
https://i.redd.it/1nlgrn49x7ry.jpg,#0f0f0f,#101010,#14100d
http://i.imgur.com/M3NOzLC.jpg,#ffffff,#93907d,#928f7c
https://i.redd.it/w5q6gldnvcuy.jpg,#f3f3f3,#19161d,#18151c
https://i.redd.it/s5viyluv421z.jpg,#f5eedc,#7a522f,#f6efdd
https://i.redd.it/h5t3qddvvzry.jpg,#0e0e0e,#0d0d0d,#020202
https://i.redd.it/ftd3sx5ah13z.jpg,#fdfeff,#b44b2d,#b54b31
https://i.redd.it/7ofdqmp53bzy.jpg,#978a6a,#968969,#958868
http://i.imgur.com/sXhEQez.jpg,#ffffff,#000000,#fefefe
https://i.redd.it/cwljeujku33z.jpg,#e9e6df,#e4e1dc,#e9e4de
https://i.redd.it/fsuv32a1cc9y.jpg,#ffffff,#fefefe,#fdfdfd
http://i.imgur.com/enhDnTM.jpg,#ffffff,#000000,#c7e5ef
http://i.imgur.com/tyDhTll.jpg,#070705,#050503,#060604
http://i.imgur.com/puEqa4C.jpg,#908e9c,#928fa2,#92909e
https://i.redd.it/ihczg3pmle3z.jpg,#b0b9a8,#a3ac9b,#afb8a7
https://i.redd.it/cpkq97klre4z.jpg,#777868,#767767,#b3b4a4
http://i.imgur.com/RycdbMO.jpg,#f0f7ff,#f2f9ff,#f1f8ff
https://i.redd.it/sn7ufk9fsv4z.jpg,#ccd1d7,#cbd0d6,#cacfd5
https://i.redd.it/n9jq5j2tatcy.jpg,#f3ffff,#f3feff,#f4ffff
https://i.redd.it/0qow2dksb34z.jpg,#ffffff,#9fcaec,#fffffd
http://i.imgur.com/pt9rmrv.jpg,#ffffff,#fcebdb,#fbeada
http://i.imgur.com/6pnYQUv.jpg,#191a1e,#1a1b1f,#18191d
https://i.imgur.com/HRgRMOw.jpg,#a4a3a8,#408a59,#40895b
https://i.redd.it/rubsfuf64lvy.jpg,#bbb4a2,#bcb5a3,#bab3a1
https://i.redd.it/nrafqoujmety.jpg,#232124,#242225,#222023
https://i.redd.it/ru12lvaf7jyy.jpg,#9d9996,#9c9895,#9e9a97
https://i.redd.it/c5pk0vnpg3ty.jpg,#6e81cd,#6e81ce,#fefefe
http://i.imgur.com/qvnjbVw.jpg,#a9acb5,#a8abb4,#aaadb6
https://i.redd.it/ax4eueu0szpy.jpg,#22273a,#bcbac8,#bcbac7
https://i.redd.it/guul6eld2soy.jpg,#6b7b94,#6d7d96,#807967
http://i.imgur.com/Gh2I3pq.jpg,#c7b09e,#ceb9a8,#cfbaa9
https://i.redd.it/m4cfqp8wfv5z.jpg,#dadadc,#d0d0d0,#d1d1d1
https://i.redd.it/tb5pckm6e72y.jpg,#b8b6aa,#a1a29d,#a0a19c
https://i.redd.it/fyqzavufvjwy.jpg,#dcb083,#fefefe,#daae81
https://i.redd.it/lsuw4p2ncyny.jpg,#ffffff,#af7536,#fffffd
http://i.imgur.com/FApqk3D.jpg,#ffffff,#000000,#f3c300
http://i.imgur.com/TKLs9lo.jpg,#ffffff,#fefefe,#f7f7f7
https://i.redd.it/d8021b5i2moy.jpg,#ffffff,#020305,#030406
https://i.redd.it/4m5yk8gjrtzy.jpg,#010101,#020001,#040001
https://i.redd.it/xae65ypfqycy.jpg,#f4f4f4,#c83a2e,#c24541
http://i.imgur.com/lcEUZHv.jpg,#ffffff,#c6bbbf,#444a5a
https://i.redd.it/1nlgrn49x7ry.jpg,#0f0f0f,#101010,#14100d
http://i.imgur.com/M3NOzLC.jpg,#ffffff,#93907d,#928f7c
https://i.redd.it/w5q6gldnvcuy.jpg,#f3f3f3,#19161d,#18151c
https://i.redd.it/s5viyluv421z.jpg,#f5eedc,#7a522f,#f6efdd
https://i.redd.it/h5t3qddvvzry.jpg,#0e0e0e,#0d0d0d,#020202
https://i.redd.it/ftd3sx5ah13z.jpg,#fdfeff,#b44b2d,#b54b31
https://i.redd.it/7ofdqmp53bzy.jpg,#978a6a,#968969,#958868
http://i.imgur.com/sXhEQez.jpg,#ffffff,#000000,#fefefe
https://i.redd.it/cwljeujku33z.jpg,#e9e6df,#e4e1dc,#e9e4de
https://i.redd.it/fsuv32a1cc9y.jpg,#ffffff,#fefefe,#fdfdfd
http://i.imgur.com/enhDnTM.jpg,#ffffff,#000000,#c7e5ef
http://i.imgur.com/tyDhTll.jpg,#070705,#050503,#060604
http://i.imgur.com/puEqa4C.jpg,#908e9c,#928fa2,#92909e
https://i.redd.it/ihczg3pmle3z.jpg,#b0b9a8,#a3ac9b,#afb8a7
https://i.redd.it/cpkq97klre4z.jpg,#777868,#767767,#b3b4a4
http://i.imgur.com/RycdbMO.jpg,#f0f7ff,#f2f9ff,#f1f8ff
https://i.redd.it/sn7ufk9fsv4z.jpg,#ccd1d7,#cbd0d6,#cacfd5
https://i.redd.it/n9jq5j2tatcy.jpg,#f3ffff,#f3feff,#f4ffff
https://i.redd.it/0qow2dksb34z.jpg,#ffffff,#9fcaec,#fffffd
http://i.imgur.com/pt9rmrv.jpg,#ffffff,#fcebdb,#fbeada
http://i.imgur.com/6pnYQUv.jpg,#191a1e,#1a1b1f,#18191d
https://i.imgur.com/HRgRMOw.jpg,#a4a3a8,#408a59,#40895b
https://i.redd.it/rubsfuf64lvy.jpg,#bbb4a2,#bcb5a3,#bab3a1
https://i.redd.it/nrafqoujmety.jpg,#232124,#242225,#222023
https://i.redd.it/ru12lvaf7jyy.jpg,#9d9996,#9c9895,#9e9a97
https://i.redd.it/c5pk0vnpg3ty.jpg,#6e81cd,#6e81ce,#fefefe
http://i.imgur.com/qvnjbVw.jpg,#a9acb5,#a8abb4,#aaadb6
https://i.redd.it/ax4eueu0szpy.jpg,#22273a,#bcbac8,#bcbac7
https://i.redd.it/guul6eld2soy.jpg,#6b7b94,#6d7d96,#807967
http://i.imgur.com/Gh2I3pq.jpg,#c7b09e,#ceb9a8,#cfbaa9
https://i.redd.it/m4cfqp8wfv5z.jpg,#dadadc,#d0d0d0,#d1d1d1
https://i.redd.it/tb5pckm6e72y.jpg,#b8b6aa,#a1a29d,#a0a19c
https://i.redd.it/fyqzavufvjwy.jpg,#dcb083,#fefefe,#daae81
https://i.redd.it/lsuw4p2ncyny.jpg,#ffffff,#af7536,#fffffd
http://i.imgur.com/FApqk3D.jpg,#ffffff,#000000,#f3c300
http://i.imgur.com/TKLs9lo.jpg,#ffffff,#fefefe,#f7f7f7
https://i.redd.it/d8021b5i2moy.jpg,#ffffff,#020305,#030406
https://i.redd.it/4m5yk8gjrtzy.jpg,#010101,#020001,#040001
https://i.redd.it/xae65ypfqycy.jpg,#f4f4f4,#c83a2e,#c24541
http://i.imgur.com/lcEUZHv.jpg,#ffffff,#c6bbbf,#444a5a
https://i.redd.it/1nlgrn49x7ry.jpg,#0f0f0f,#101010,#14100d
http://i.imgur.com/M3NOzLC.jpg,#ffffff,#93907d,#928f7c
https://i.redd.it/w5q6gldnvcuy.jpg,#f3f3f3,#19161d,#18151c
https://i.redd.it/s5viyluv421z.jpg,#f5eedc,#7a522f,#f6efdd
https://i.redd.it/h5t3qddvvzry.jpg,#0e0e0e,#0d0d0d,#020202
https://i.redd.it/ftd3sx5ah13z.jpg,#fdfeff,#b44b2d,#b54b31
https://i.redd.it/7ofdqmp53bzy.jpg,#978a6a,#968969,#958868
http://i.imgur.com/sXhEQez.jpg,#ffffff,#000000,#fefefe
https://i.redd.it/cwljeujku33z.jpg,#e9e6df,#e4e1dc,#e9e4de
https://i.redd.it/fsuv32a1cc9y.jpg,#ffffff,#fefefe,#fdfdfd
http://i.imgur.com/enhDnTM.jpg,#ffffff,#000000,#c7e5ef
http://i.imgur.com/tyDhTll.jpg,#070705,#050503,#060604
http://i.imgur.com/puEqa4C.jpg,#908e9c,#928fa2,#92909e
https://i.redd.it/ihczg3pmle3z.jpg,#b0b9a8,#a3ac9b,#afb8a7
https://i.redd.it/cpkq97klre4z.jpg,#777868,#767767,#b3b4a4
http://i.imgur.com/RycdbMO.jpg,#f0f7ff,#f2f9ff,#f1f8ff
https://i.redd.it/sn7ufk9fsv4z.jpg,#ccd1d7,#cbd0d6,#cacfd5
https://i.redd.it/n9jq5j2tatcy.jpg,#f3ffff,#f3feff,#f4ffff
https://i.redd.it/0qow2dksb34z.jpg,#ffffff,#9fcaec,#fffffd
http://i.imgur.com/pt9rmrv.jpg,#ffffff,#fcebdb,#fbeada
http://i.imgur.com/6pnYQUv.jpg,#191a1e,#1a1b1f,#18191d
https://i.imgur.com/HRgRMOw.jpg,#a4a3a8,#408a59,#40895b
https://i.redd.it/rubsfuf64lvy.jpg,#bbb4a2,#bcb5a3,#bab3a1
https://i.redd.it/nrafqoujmety.jpg,#232124,#242225,#222023
https://i.redd.it/ru12lvaf7jyy.jpg,#9d9996,#9c9895,#9e9a97
https://i.redd.it/c5pk0vnpg3ty.jpg,#6e81cd,#6e81ce,#fefefe
http://i.imgur.com/qvnjbVw.jpg,#a9acb5,#a8abb4,#aaadb6
https://i.redd.it/ax4eueu0szpy.jpg,#22273a,#bcbac8,#bcbac7
https://i.redd.it/guul6eld2soy.jpg,#6b7b94,#6d7d96,#807967
http://i.imgur.com/Gh2I3pq.jpg,#c7b09e,#ceb9a8,#cfbaa9
https://i.redd.it/m4cfqp8wfv5z.jpg,#dadadc,#d0d0d0,#d1d1d1
https://i.redd.it/tb5pckm6e72y.jpg,#b8b6aa,#a1a29d,#a0a19c
https://i.redd.it/fyqzavufvjwy.jpg,#dcb083,#fefefe,#daae81
https://i.redd.it/lsuw4p2ncyny.jpg,#ffffff,#af7536,#fffffd
http://i.imgur.com/FApqk3D.jpg,#ffffff,#000000,#f3c300
http://i.imgur.com/TKLs9lo.jpg,#ffffff,#fefefe,#f7f7f7
https://i.redd.it/d8021b5i2moy.jpg,#ffffff,#020305,#030406
https://i.redd.it/4m5yk8gjrtzy.jpg,#010101,#020001,#040001
https://i.redd.it/xae65ypfqycy.jpg,#f4f4f4,#c83a2e,#c24541
http://i.imgur.com/lcEUZHv.jpg,#ffffff,#c6bbbf,#444a5a
https://i.redd.it/1nlgrn49x7ry.jpg,#0f0f0f,#101010,#14100d
http://i.imgur.com/M3NOzLC.jpg,#ffffff,#93907d,#928f7c
https://i.redd.it/w5q6gldnvcuy.jpg,#f3f3f3,#19161d,#18151c
https://i.redd.it/s5viyluv421z.jpg,#f5eedc,#7a522f,#f6efdd
https://i.redd.it/h5t3qddvvzry.jpg,#0e0e0e,#0d0d0d,#020202
https://i.redd.it/ftd3sx5ah13z.jpg,#fdfeff,#b44b2d,#b54b31
https://i.redd.it/7ofdqmp53bzy.jpg,#978a6a,#968969,#958868
http://i.imgur.com/sXhEQez.jpg,#ffffff,#000000,#fefefe
https://i.redd.it/cwljeujku33z.jpg,#e9e6df,#e4e1dc,#e9e4de
https://i.redd.it/fsuv32a1cc9y.jpg,#ffffff,#fefefe,#fdfdfd
http://i.imgur.com/enhDnTM.jpg,#ffffff,#000000,#c7e5ef
http://i.imgur.com/tyDhTll.jpg,#070705,#050503,#060604
http://i.imgur.com/puEqa4C.jpg,#908e9c,#928fa2,#92909e
https://i.redd.it/ihczg3pmle3z.jpg,#b0b9a8,#a3ac9b,#afb8a7
https://i.redd.it/cpkq97klre4z.jpg,#777868,#767767,#b3b4a4
http://i.imgur.com/RycdbMO.jpg,#f0f7ff,#f2f9ff,#f1f8ff
https://i.redd.it/sn7ufk9fsv4z.jpg,#ccd1d7,#cbd0d6,#cacfd5
https://i.redd.it/n9jq5j2tatcy.jpg,#f3ffff,#f3feff,#f4ffff
https://i.redd.it/0qow2dksb34z.jpg,#ffffff,#9fcaec,#fffffd
http://i.imgur.com/pt9rmrv.jpg,#ffffff,#fcebdb,#fbeada
http://i.imgur.com/6pnYQUv.jpg,#191a1e,#1a1b1f,#18191d
https://i.imgur.com/HRgRMOw.jpg,#a4a3a8,#408a59,#40895b
https://i.redd.it/rubsfuf64lvy.jpg,#bbb4a2,#bcb5a3,#bab3a1
https://i.redd.it/nrafqoujmety.jpg,#232124,#242225,#222023
https://i.redd.it/ru12lvaf7jyy.jpg,#9d9996,#9c9895,#9e9a97
https://i.redd.it/c5pk0vnpg3ty.jpg,#6e81cd,#6e81ce,#fefefe
http://i.imgur.com/qvnjbVw.jpg,#a9acb5,#a8abb4,#aaadb6
https://i.redd.it/ax4eueu0szpy.jpg,#22273a,#bcbac8,#bcbac7
https://i.redd.it/guul6eld2soy.jpg,#6b7b94,#6d7d96,#807967
http://i.imgur.com/Gh2I3pq.jpg,#c7b09e,#ceb9a8,#cfbaa9
https://i.redd.it/m4cfqp8wfv5z.jpg,#dadadc,#d0d0d0,#d1d1d1
https://i.redd.it/tb5pckm6e72y.jpg,#b8b6aa,#a1a29d,#a0a19c
https://i.redd.it/fyqzavufvjwy.jpg,#dcb083,#fefefe,#daae81
https://i.redd.it/lsuw4p2ncyny.jpg,#ffffff,#af7536,#fffffd
http://i.imgur.com/FApqk3D.jpg,#ffffff,#000000,#f3c300
http://i.imgur.com/TKLs9lo.jpg,#ffffff,#fefefe,#f7f7f7
https://i.redd.it/d8021b5i2moy.jpg,#ffffff,#020305,#030406
https://i.redd.it/4m5yk8gjrtzy.jpg,#010101,#020001,#040001
https://i.redd.it/xae65ypfqycy.jpg,#f4f4f4,#c83a2e,#c24541
http://i.imgur.com/lcEUZHv.jpg,#ffffff,#c6bbbf,#444a5a
https://i.redd.it/1nlgrn49x7ry.jpg,#0f0f0f,#101010,#14100d
http://i.imgur.com/M3NOzLC.jpg,#ffffff,#93907d,#928f7c
https://i.redd.it/w5q6gldnvcuy.jpg,#f3f3f3,#19161d,#18151c
https://i.redd.it/s5viyluv421z.jpg,#f5eedc,#7a522f,#f6efdd
https://i.redd.it/h5t3qddvvzry.jpg,#0e0e0e,#0d0d0d,#020202
https://i.redd.it/ftd3sx5ah13z.jpg,#fdfeff,#b44b2d,#b54b31
https://i.redd.it/7ofdqmp53bzy.jpg,#978a6a,#968969,#958868
http://i.imgur.com/sXhEQez.jpg,#ffffff,#000000,#fefefe
https://i.redd.it/cwljeujku33z.jpg,#e9e6df,#e4e1dc,#e9e4de
https://i.redd.it/fsuv32a1cc9y.jpg,#ffffff,#fefefe,#fdfdfd
http://i.imgur.com/enhDnTM.jpg,#ffffff,#000000,#c7e5ef
http://i.imgur.com/tyDhTll.jpg,#070705,#050503,#060604
http://i.imgur.com/puEqa4C.jpg,#908e9c,#928fa2,#92909e
https://i.redd.it/ihczg3pmle3z.jpg,#b0b9a8,#a3ac9b,#afb8a7
https://i.redd.it/cpkq97klre4z.jpg,#777868,#767767,#b3b4a4
http://i.imgur.com/RycdbMO.jpg,#f0f7ff,#f2f9ff,#f1f8ff
https://i.redd.it/sn7ufk9fsv4z.jpg,#ccd1d7,#cbd0d6,#cacfd5
https://i.redd.it/n9jq5j2tatcy.jpg,#f3ffff,#f3feff,#f4ffff
https://i.redd.it/0qow2dksb34z.jpg,#ffffff,#9fcaec,#fffffd
http://i.imgur.com/pt9rmrv.jpg,#ffffff,#fcebdb,#fbeada
http://i.imgur.com/6pnYQUv.jpg,#191a1e,#1a1b1f,#18191d
https://i.imgur.com/HRgRMOw.jpg,#a4a3a8,#408a59,#40895b
https://i.redd.it/rubsfuf64lvy.jpg,#bbb4a2,#bcb5a3,#bab3a1
https://i.redd.it/nrafqoujmety.jpg,#232124,#242225,#222023
https://i.redd.it/ru12lvaf7jyy.jpg,#9d9996,#9c9895,#9e9a97
https://i.redd.it/c5pk0vnpg3ty.jpg,#6e81cd,#6e81ce,#fefefe
http://i.imgur.com/qvnjbVw.jpg,#a9acb5,#a8abb4,#aaadb6
https://i.redd.it/ax4eueu0szpy.jpg,#22273a,#bcbac8,#bcbac7
https://i.redd.it/guul6eld2soy.jpg,#6b7b94,#6d7d96,#807967
http://i.imgur.com/Gh2I3pq.jpg,#c7b09e,#ceb9a8,#cfbaa9
https://i.redd.it/m4cfqp8wfv5z.jpg,#dadadc,#d0d0d0,#d1d1d1
https://i.redd.it/tb5pckm6e72y.jpg,#b8b6aa,#a1a29d,#a0a19c
https://i.redd.it/fyqzavufvjwy.jpg,#dcb083,#fefefe,#daae81
https://i.redd.it/lsuw4p2ncyny.jpg,#ffffff,#af7536,#fffffd
http://i.imgur.com/FApqk3D.jpg,#ffffff,#000000,#f3c300
http://i.imgur.com/TKLs9lo.jpg,#ffffff,#fefefe,#f7f7f7
https://i.redd.it/d8021b5i2moy.jpg,#ffffff,#020305,#030406
https://i.redd.it/4m5yk8gjrtzy.jpg,#010101,#020001,#040001
https://i.redd.it/xae65ypfqycy.jpg,#f4f4f4,#c83a2e,#c24541
http://i.imgur.com/lcEUZHv.jpg,#ffffff,#c6bbbf,#444a5a
https://i.redd.it/1nlgrn49x7ry.jpg,#0f0f0f,#101010,#14100d
http://i.imgur.com/M3NOzLC.jpg,#ffffff,#93907d,#928f7c
https://i.redd.it/w5q6gldnvcuy.jpg,#f3f3f3,#19161d,#18151c
https://i.redd.it/s5viyluv421z.jpg,#f5eedc,#7a522f,#f6efdd
https://i.redd.it/h5t3qddvvzry.jpg,#0e0e0e,#0d0d0d,#020202
https://i.redd.it/ftd3sx5ah13z.jpg,#fdfeff,#b44b2d,#b54b31
https://i.redd.it/7ofdqmp53bzy.jpg,#978a6a,#968969,#958868
http://i.imgur.com/sXhEQez.jpg,#ffffff,#000000,#fefefe
https://i.redd.it/cwljeujku33z.jpg,#e9e6df,#e4e1dc,#e9e4de
https://i.redd.it/fsuv32a1cc9y.jpg,#ffffff,#fefefe,#fdfdfd
http://i.imgur.com/enhDnTM.jpg,#ffffff,#000000,#c7e5ef
http://i.imgur.com/tyDhTll.jpg,#070705,#050503,#060604
http://i.imgur.com/puEqa4C.jpg,#908e9c,#928fa2,#92909e
https://i.redd.it/ihczg3pmle3z.jpg,#b0b9a8,#a3ac9b,#afb8a7
https://i.redd.it/cpkq97klre4z.jpg,#777868,#767767,#b3b4a4
http://i.imgur.com/RycdbMO.jpg,#f0f7ff,#f2f9ff,#f1f8ff
https://i.redd.it/sn7ufk9fsv4z.jpg,#ccd1d7,#cbd0d6,#cacfd5
https://i.redd.it/n9jq5j2tatcy.jpg,#f3ffff,#f3feff,#f4ffff
https://i.redd.it/0qow2dksb34z.jpg,#ffffff,#9fcaec,#fffffd
http://i.imgur.com/pt9rmrv.jpg,#ffffff,#fcebdb,#fbeada
http://i.imgur.com/6pnYQUv.jpg,#191a1e,#1a1b1f,#18191d
https://i.imgur.com/HRgRMOw.jpg,#a4a3a8,#408a59,#40895b
https://i.redd.it/rubsfuf64lvy.jpg,#bbb4a2,#bcb5a3,#bab3a1
https://i.redd.it/nrafqoujmety.jpg,#232124,#242225,#222023
https://i.redd.it/ru12lvaf7jyy.jpg,#9d9996,#9c9895,#9e9a97
https://i.redd.it/c5pk0vnpg3ty.jpg,#6e81cd,#6e81ce,#fefefe
http://i.imgur.com/qvnjbVw.jpg,#a9acb5,#a8abb4,#aaadb6
https://i.redd.it/ax4eueu0szpy.jpg,#22273a,#bcbac8,#bcbac7
https://i.redd.it/guul6eld2soy.jpg,#6b7b94,#6d7d96,#807967
http://i.imgur.com/Gh2I3pq.jpg,#c7b09e,#ceb9a8,#cfbaa9
https://i.redd.it/m4cfqp8wfv5z.jpg,#dadadc,#d0d0d0,#d1d1d1
https://i.redd.it/tb5pckm6e72y.jpg,#b8b6aa,#a1a29d,#a0a19c
https://i.redd.it/fyqzavufvjwy.jpg,#dcb083,#fefefe,#daae81
https://i.redd.it/lsuw4p2ncyny.jpg,#ffffff,#af7536,#fffffd
http://i.imgur.com/FApqk3D.jpg,#ffffff,#000000,#f3c300
http://i.imgur.com/TKLs9lo.jpg,#ffffff,#fefefe,#f7f7f7
https://i.redd.it/d8021b5i2moy.jpg,#ffffff,#020305,#030406
https://i.redd.it/4m5yk8gjrtzy.jpg,#010101,#020001,#040001
https://i.redd.it/xae65ypfqycy.jpg,#f4f4f4,#c83a2e,#c24541
http://i.imgur.com/lcEUZHv.jpg,#ffffff,#c6bbbf,#444a5a
https://i.redd.it/1nlgrn49x7ry.jpg,#0f0f0f,#101010,#14100d
http://i.imgur.com/M3NOzLC.jpg,#ffffff,#93907d,#928f7c
https://i.redd.it/w5q6gldnvcuy.jpg,#f3f3f3,#19161d,#18151c
https://i.redd.it/s5viyluv421z.jpg,#f5eedc,#7a522f,#f6efdd
https://i.redd.it/h5t3qddvvzry.jpg,#0e0e0e,#0d0d0d,#020202
https://i.redd.it/ftd3sx5ah13z.jpg,#fdfeff,#b44b2d,#b54b31
https://i.redd.it/7ofdqmp53bzy.jpg,#978a6a,#968969,#958868
http://i.imgur.com/sXhEQez.jpg,#ffffff,#000000,#fefefe
https://i.redd.it/cwljeujku33z.jpg,#e9e6df,#e4e1dc,#e9e4de
https://i.redd.it/fsuv32a1cc9y.jpg,#ffffff,#fefefe,#fdfdfd
http://i.imgur.com/enhDnTM.jpg,#ffffff,#000000,#c7e5ef
http://i.imgur.com/tyDhTll.jpg,#070705,#050503,#060604
http://i.imgur.com/puEqa4C.jpg,#908e9c,#928fa2,#92909e
https://i.redd.it/ihczg3pmle3z.jpg,#b0b9a8,#a3ac9b,#afb8a7
https://i.redd.it/cpkq97klre4z.jpg,#777868,#767767,#b3b4a4
http://i.imgur.com/RycdbMO.jpg,#f0f7ff,#f2f9ff,#f1f8ff
https://i.redd.it/sn7ufk9fsv4z.jpg,#ccd1d7,#cbd0d6,#cacfd5
https://i.redd.it/n9jq5j2tatcy.jpg,#f3ffff,#f3feff,#f4ffff
https://i.redd.it/0qow2dksb34z.jpg,#ffffff,#9fcaec,#fffffd
http://i.imgur.com/pt9rmrv.jpg,#ffffff,#fcebdb,#fbeada
http://i.imgur.com/6pnYQUv.jpg,#191a1e,#1a1b1f,#18191d
https://i.imgur.com/HRgRMOw.jpg,#a4a3a8,#408a59,#40895b
https://i.redd.it/rubsfuf64lvy.jpg,#bbb4a2,#bcb5a3,#bab3a1
https://i.redd.it/nrafqoujmety.jpg,#232124,#242225,#222023
https://i.redd.it/ru12lvaf7jyy.jpg,#9d9996,#9c9895,#9e9a97
https://i.redd.it/c5pk0vnpg3ty.jpg,#6e81cd,#6e81ce,#fefefe
http://i.imgur.com/qvnjbVw.jpg,#a9acb5,#a8abb4,#aaadb6
https://i.redd.it/ax4eueu0szpy.jpg,#22273a,#bcbac8,#bcbac7
https://i.redd.it/guul6eld2soy.jpg,#6b7b94,#6d7d96,#807967
http://i.imgur.com/Gh2I3pq.jpg,#c7b09e,#ceb9a8,#cfbaa9
https://i.redd.it/m4cfqp8wfv5z.jpg,#dadadc,#d0d0d0,#d1d1d1
https://i.redd.it/tb5pckm6e72y.jpg,#b8b6aa,#a1a29d,#a0a19c
https://i.redd.it/fyqzavufvjwy.jpg,#dcb083,#fefefe,#daae81
https://i.redd.it/lsuw4p2ncyny.jpg,#ffffff,#af7536,#fffffd
http://i.imgur.com/FApqk3D.jpg,#ffffff,#000000,#f3c300
http://i.imgur.com/TKLs9lo.jpg,#ffffff,#fefefe,#f7f7f7
https://i.redd.it/d8021b5i2moy.jpg,#ffffff,#020305,#030406
https://i.redd.it/4m5yk8gjrtzy.jpg,#010101,#020001,#040001
https://i.redd.it/xae65ypfqycy.jpg,#f4f4f4,#c83a2e,#c24541
http://i.imgur.com/lcEUZHv.jpg,#ffffff,#c6bbbf,#444a5a
https://i.redd.it/1nlgrn49x7ry.jpg,#0f0f0f,#101010,#14100d
http://i.imgur.com/M3NOzLC.jpg,#ffffff,#93907d,#928f7c
https://i.redd.it/w5q6gldnvcuy.jpg,#f3f3f3,#19161d,#18151c
https://i.redd.it/s5viyluv421z.jpg,#f5eedc,#7a522f,#f6efdd
https://i.redd.it/h5t3qddvvzry.jpg,#0e0e0e,#0d0d0d,#020202
https://i.redd.it/ftd3sx5ah13z.jpg,#fdfeff,#b44b2d,#b54b31
https://i.redd.it/7ofdqmp53bzy.jpg,#978a6a,#968969,#958868
http://i.imgur.com/sXhEQez.jpg,#ffffff,#000000,#fefefe
https://i.redd.it/cwljeujku33z.jpg,#e9e6df,#e4e1dc,#e9e4de
https://i.redd.it/fsuv32a1cc9y.jpg,#ffffff,#fefefe,#fdfdfd
http://i.imgur.com/enhDnTM.jpg,#ffffff,#000000,#c7e5ef
http://i.imgur.com/tyDhTll.jpg,#070705,#050503,#060604
http://i.imgur.com/puEqa4C.jpg,#908e9c,#928fa2,#92909e
https://i.redd.it/ihczg3pmle3z.jpg,#b0b9a8,#a3ac9b,#afb8a7
https://i.redd.it/cpkq97klre4z.jpg,#777868,#767767,#b3b4a4
http://i.imgur.com/RycdbMO.jpg,#f0f7ff,#f2f9ff,#f1f8ff
https://i.redd.it/sn7ufk9fsv4z.jpg,#ccd1d7,#cbd0d6,#cacfd5
https://i.redd.it/n9jq5j2tatcy.jpg,#f3ffff,#f3feff,#f4ffff
https://i.redd.it/0qow2dksb34z.jpg,#ffffff,#9fcaec,#fffffd
http://i.imgur.com/pt9rmrv.jpg,#ffffff,#fcebdb,#fbeada
http://i.imgur.com/6pnYQUv.jpg,#191a1e,#1a1b1f,#18191d
https://i.imgur.com/HRgRMOw.jpg,#a4a3a8,#408a59,#40895b
https://i.redd.it/rubsfuf64lvy.jpg,#bbb4a2,#bcb5a3,#bab3a1
https://i.redd.it/nrafqoujmety.jpg,#232124,#242225,#222023
https://i.redd.it/ru12lvaf7jyy.jpg,#9d9996,#9c9895,#9e9a97
https://i.redd.it/c5pk0vnpg3ty.jpg,#6e81cd,#6e81ce,#fefefe
http://i.imgur.com/qvnjbVw.jpg,#a9acb5,#a8abb4,#aaadb6
https://i.redd.it/ax4eueu0szpy.jpg,#22273a,#bcbac8,#bcbac7
https://i.redd.it/guul6eld2soy.jpg,#6b7b94,#6d7d96,#807967
http://i.imgur.com/Gh2I3pq.jpg,#c7b09e,#ceb9a8,#cfbaa9
https://i.redd.it/m4cfqp8wfv5z.jpg,#dadadc,#d0d0d0,#d1d1d1
https://i.redd.it/tb5pckm6e72y.jpg,#b8b6aa,#a1a29d,#a0a19c
https://i.redd.it/fyqzavufvjwy.jpg,#dcb083,#fefefe,#daae81
https://i.redd.it/lsuw4p2ncyny.jpg,#ffffff,#af7536,#fffffd
http://i.imgur.com/FApqk3D.jpg,#ffffff,#000000,#f3c300
http://i.imgur.com/TKLs9lo.jpg,#ffffff,#fefefe,#f7f7f7
https://i.redd.it/d8021b5i2moy.jpg,#ffffff,#020305,#030406
https://i.redd.it/4m5yk8gjrtzy.jpg,#010101,#020001,#040001
https://i.redd.it/xae65ypfqycy.jpg,#f4f4f4,#c83a2e,#c24541
http://i.imgur.com/lcEUZHv.jpg,#ffffff,#c6bbbf,#444a5a
https://i.redd.it/1nlgrn49x7ry.jpg,#0f0f0f,#101010,#14100d
http://i.imgur.com/M3NOzLC.jpg,#ffffff,#93907d,#928f7c
https://i.redd.it/w5q6gldnvcuy.jpg,#f3f3f3,#19161d,#18151c
https://i.redd.it/s5viyluv421z.jpg,#f5eedc,#7a522f,#f6efdd
https://i.redd.it/h5t3qddvvzry.jpg,#0e0e0e,#0d0d0d,#020202
https://i.redd.it/ftd3sx5ah13z.jpg,#fdfeff,#b44b2d,#b54b31
https://i.redd.it/7ofdqmp53bzy.jpg,#978a6a,#968969,#958868
http://i.imgur.com/sXhEQez.jpg,#ffffff,#000000,#fefefe
https://i.redd.it/cwljeujku33z.jpg,#e9e6df,#e4e1dc,#e9e4de
https://i.redd.it/fsuv32a1cc9y.jpg,#ffffff,#fefefe,#fdfdfd
http://i.imgur.com/enhDnTM.jpg,#ffffff,#000000,#c7e5ef
http://i.imgur.com/tyDhTll.jpg,#070705,#050503,#060604
http://i.imgur.com/puEqa4C.jpg,#908e9c,#928fa2,#92909e
https://i.redd.it/ihczg3pmle3z.jpg,#b0b9a8,#a3ac9b,#afb8a7
https://i.redd.it/cpkq97klre4z.jpg,#777868,#767767,#b3b4a4
http://i.imgur.com/RycdbMO.jpg,#f0f7ff,#f2f9ff,#f1f8ff
https://i.redd.it/sn7ufk9fsv4z.jpg,#ccd1d7,#cbd0d6,#cacfd5
https://i.redd.it/n9jq5j2tatcy.jpg,#f3ffff,#f3feff,#f4ffff
https://i.redd.it/0qow2dksb34z.jpg,#ffffff,#9fcaec,#fffffd
http://i.imgur.com/pt9rmrv.jpg,#ffffff,#fcebdb,#fbeada
http://i.imgur.com/6pnYQUv.jpg,#191a1e,#1a1b1f,#18191d
https://i.imgur.com/HRgRMOw.jpg,#a4a3a8,#408a59,#40895b
https://i.redd.it/rubsfuf64lvy.jpg,#bbb4a2,#bcb5a3,#bab3a1
https://i.redd.it/nrafqoujmety.jpg,#232124,#242225,#222023
https://i.redd.it/ru12lvaf7jyy.jpg,#9d9996,#9c9895,#9e9a97
https://i.redd.it/c5pk0vnpg3ty.jpg,#6e81cd,#6e81ce,#fefefe
http://i.imgur.com/qvnjbVw.jpg,#a9acb5,#a8abb4,#aaadb6
https://i.redd.it/ax4eueu0szpy.jpg,#22273a,#bcbac8,#bcbac7
https://i.redd.it/guul6eld2soy.jpg,#6b7b94,#6d7d96,#807967
http://i.imgur.com/Gh2I3pq.jpg,#c7b09e,#ceb9a8,#cfbaa9
https://i.redd.it/m4cfqp8wfv5z.jpg,#dadadc,#d0d0d0,#d1d1d1
https://i.redd.it/tb5pckm6e72y.jpg,#b8b6aa,#a1a29d,#a0a19c
https://i.redd.it/fyqzavufvjwy.jpg,#dcb083,#fefefe,#daae81
https://i.redd.it/lsuw4p2ncyny.jpg,#ffffff,#af7536,#fffffd
http://i.imgur.com/FApqk3D.jpg,#ffffff,#000000,#f3c300
http://i.imgur.com/TKLs9lo.jpg,#ffffff,#fefefe,#f7f7f7
https://i.redd.it/d8021b5i2moy.jpg,#ffffff,#020305,#030406
https://i.redd.it/4m5yk8gjrtzy.jpg,#010101,#020001,#040001
https://i.redd.it/xae65ypfqycy.jpg,#f4f4f4,#c83a2e,#c24541
http://i.imgur.com/lcEUZHv.jpg,#ffffff,#c6bbbf,#444a5a
https://i.redd.it/1nlgrn49x7ry.jpg,#0f0f0f,#101010,#14100d
http://i.imgur.com/M3NOzLC.jpg,#ffffff,#93907d,#928f7c
https://i.redd.it/w5q6gldnvcuy.jpg,#f3f3f3,#19161d,#18151c
https://i.redd.it/s5viyluv421z.jpg,#f5eedc,#7a522f,#f6efdd
https://i.redd.it/h5t3qddvvzry.jpg,#0e0e0e,#0d0d0d,#020202
https://i.redd.it/ftd3sx5ah13z.jpg,#fdfeff,#b44b2d,#b54b31
https://i.redd.it/7ofdqmp53bzy.jpg,#978a6a,#968969,#958868
http://i.imgur.com/sXhEQez.jpg,#ffffff,#000000,#fefefe
https://i.redd.it/cwljeujku33z.jpg,#e9e6df,#e4e1dc,#e9e4de
https://i.redd.it/fsuv32a1cc9y.jpg,#ffffff,#fefefe,#fdfdfd
http://i.imgur.com/enhDnTM.jpg,#ffffff,#000000,#c7e5ef
http://i.imgur.com/tyDhTll.jpg,#070705,#050503,#060604
http://i.imgur.com/puEqa4C.jpg,#908e9c,#928fa2,#92909e
https://i.redd.it/ihczg3pmle3z.jpg,#b0b9a8,#a3ac9b,#afb8a7
https://i.redd.it/cpkq97klre4z.jpg,#777868,#767767,#b3b4a4
http://i.imgur.com/RycdbMO.jpg,#f0f7ff,#f2f9ff,#f1f8ff
https://i.redd.it/sn7ufk9fsv4z.jpg,#ccd1d7,#cbd0d6,#cacfd5
https://i.redd.it/n9jq5j2tatcy.jpg,#f3ffff,#f3feff,#f4ffff
https://i.redd.it/0qow2dksb34z.jpg,#ffffff,#9fcaec,#fffffd
http://i.imgur.com/pt9rmrv.jpg,#ffffff,#fcebdb,#fbeada
http://i.imgur.com/6pnYQUv.jpg,#191a1e,#1a1b1f,#18191d
https://i.imgur.com/HRgRMOw.jpg,#a4a3a8,#408a59,#40895b
https://i.redd.it/rubsfuf64lvy.jpg,#bbb4a2,#bcb5a3,#bab3a1
https://i.redd.it/nrafqoujmety.jpg,#232124,#242225,#222023
https://i.redd.it/ru12lvaf7jyy.jpg,#9d9996,#9c9895,#9e9a97
https://i.redd.it/c5pk0vnpg3ty.jpg,#6e81cd,#6e81ce,#fefefe
http://i.imgur.com/qvnjbVw.jpg,#a9acb5,#a8abb4,#aaadb6
https://i.redd.it/ax4eueu0szpy.jpg,#22273a,#bcbac8,#bcbac7
https://i.redd.it/guul6eld2soy.jpg,#6b7b94,#6d7d96,#807967
http://i.imgur.com/Gh2I3pq.jpg,#c7b09e,#ceb9a8,#cfbaa9
https://i.redd.it/m4cfqp8wfv5z.jpg,#dadadc,#d0d0d0,#d1d1d1
https://i.redd.it/tb5pckm6e72y.jpg,#b8b6aa,#a1a29d,#a0a19c
https://i.redd.it/fyqzavufvjwy.jpg,#dcb083,#fefefe,#daae81
https://i.redd.it/lsuw4p2ncyny.jpg,#ffffff,#af7536,#fffffd
http://i.imgur.com/FApqk3D.jpg,#ffffff,#000000,#f3c300
http://i.imgur.com/TKLs9lo.jpg,#ffffff,#fefefe,#f7f7f7
https://i.redd.it/d8021b5i2moy.jpg,#ffffff,#020305,#030406
https://i.redd.it/4m5yk8gjrtzy.jpg,#010101,#020001,#040001
https://i.redd.it/xae65ypfqycy.jpg,#f4f4f4,#c83a2e,#c24541
http://i.imgur.com/lcEUZHv.jpg,#ffffff,#c6bbbf,#444a5a
https://i.redd.it/1nlgrn49x7ry.jpg,#0f0f0f,#101010,#14100d
http://i.imgur.com/M3NOzLC.jpg,#ffffff,#93907d,#928f7c
https://i.redd.it/w5q6gldnvcuy.jpg,#f3f3f3,#19161d,#18151c
https://i.redd.it/s5viyluv421z.jpg,#f5eedc,#7a522f,#f6efdd
https://i.redd.it/h5t3qddvvzry.jpg,#0e0e0e,#0d0d0d,#020202
https://i.redd.it/ftd3sx5ah13z.jpg,#fdfeff,#b44b2d,#b54b31
https://i.redd.it/7ofdqmp53bzy.jpg,#978a6a,#968969,#958868
http://i.imgur.com/sXhEQez.jpg,#ffffff,#000000,#fefefe
https://i.redd.it/cwljeujku33z.jpg,#e9e6df,#e4e1dc,#e9e4de
https://i.redd.it/fsuv32a1cc9y.jpg,#ffffff,#fefefe,#fdfdfd
http://i.imgur.com/enhDnTM.jpg,#ffffff,#000000,#c7e5ef
http://i.imgur.com/tyDhTll.jpg,#070705,#050503,#060604
http://i.imgur.com/puEqa4C.jpg,#908e9c,#928fa2,#92909e
https://i.redd.it/ihczg3pmle3z.jpg,#b0b9a8,#a3ac9b,#afb8a7
https://i.redd.it/cpkq97klre4z.jpg,#777868,#767767,#b3b4a4
http://i.imgur.com/RycdbMO.jpg,#f0f7ff,#f2f9ff,#f1f8ff
https://i.redd.it/sn7ufk9fsv4z.jpg,#ccd1d7,#cbd0d6,#cacfd5
https://i.redd.it/n9jq5j2tatcy.jpg,#f3ffff,#f3feff,#f4ffff
https://i.redd.it/0qow2dksb34z.jpg,#ffffff,#9fcaec,#fffffd
http://i.imgur.com/pt9rmrv.jpg,#ffffff,#fcebdb,#fbeada
http://i.imgur.com/6pnYQUv.jpg,#191a1e,#1a1b1f,#18191d
https://i.imgur.com/HRgRMOw.jpg,#a4a3a8,#408a59,#40895b
https://i.redd.it/rubsfuf64lvy.jpg,#bbb4a2,#bcb5a3,#bab3a1
https://i.redd.it/nrafqoujmety.jpg,#232124,#242225,#222023
https://i.redd.it/ru12lvaf7jyy.jpg,#9d9996,#9c9895,#9e9a97
https://i.redd.it/c5pk0vnpg3ty.jpg,#6e81cd,#6e81ce,#fefefe
http://i.imgur.com/qvnjbVw.jpg,#a9acb5,#a8abb4,#aaadb6
https://i.redd.it/ax4eueu0szpy.jpg,#22273a,#bcbac8,#bcbac7
https://i.redd.it/guul6eld2soy.jpg,#6b7b94,#6d7d96,#807967
http://i.imgur.com/Gh2I3pq.jpg,#c7b09e,#ceb9a8,#cfbaa9
https://i.redd.it/m4cfqp8wfv5z.jpg,#dadadc,#d0d0d0,#d1d1d1
https://i.redd.it/tb5pckm6e72y.jpg,#b8b6aa,#a1a29d,#a0a19c
https://i.redd.it/fyqzavufvjwy.jpg,#dcb083,#fefefe,#daae81
https://i.redd.it/lsuw4p2ncyny.jpg,#ffffff,#af7536,#fffffd
http://i.imgur.com/FApqk3D.jpg,#ffffff,#000000,#f3c300
http://i.imgur.com/TKLs9lo.jpg,#ffffff,#fefefe,#f7f7f7
https://i.redd.it/d8021b5i2moy.jpg,#ffffff,#020305,#030406
https://i.redd.it/4m5yk8gjrtzy.jpg,#010101,#020001,#040001
https://i.redd.it/xae65ypfqycy.jpg,#f4f4f4,#c83a2e,#c24541
http://i.imgur.com/lcEUZHv.jpg,#ffffff,#c6bbbf,#444a5a
https://i.redd.it/1nlgrn49x7ry.jpg,#0f0f0f,#101010,#14100d
http://i.imgur.com/M3NOzLC.jpg,#ffffff,#93907d,#928f7c
https://i.redd.it/w5q6gldnvcuy.jpg,#f3f3f3,#19161d,#18151c
https://i.redd.it/s5viyluv421z.jpg,#f5eedc,#7a522f,#f6efdd
https://i.redd.it/h5t3qddvvzry.jpg,#0e0e0e,#0d0d0d,#020202
https://i.redd.it/ftd3sx5ah13z.jpg,#fdfeff,#b44b2d,#b54b31
https://i.redd.it/7ofdqmp53bzy.jpg,#978a6a,#968969,#958868
http://i.imgur.com/sXhEQez.jpg,#ffffff,#000000,#fefefe
https://i.redd.it/cwljeujku33z.jpg,#e9e6df,#e4e1dc,#e9e4de
https://i.redd.it/fsuv32a1cc9y.jpg,#ffffff,#fefefe,#fdfdfd
http://i.imgur.com/enhDnTM.jpg,#ffffff,#000000,#c7e5ef
http://i.imgur.com/tyDhTll.jpg,#070705,#050503,#060604
http://i.imgur.com/puEqa4C.jpg,#908e9c,#928fa2,#92909e
https://i.redd.it/ihczg3pmle3z.jpg,#b0b9a8,#a3ac9b,#afb8a7
https://i.redd.it/cpkq97klre4z.jpg,#777868,#767767,#b3b4a4
http://i.imgur.com/RycdbMO.jpg,#f0f7ff,#f2f9ff,#f1f8ff
https://i.redd.it/sn7ufk9fsv4z.jpg,#ccd1d7,#cbd0d6,#cacfd5
https://i.redd.it/n9jq5j2tatcy.jpg,#f3ffff,#f3feff,#f4ffff
https://i.redd.it/0qow2dksb34z.jpg,#ffffff,#9fcaec,#fffffd
http://i.imgur.com/pt9rmrv.jpg,#ffffff,#fcebdb,#fbeada
http://i.imgur.com/6pnYQUv.jpg,#191a1e,#1a1b1f,#18191d
https://i.imgur.com/HRgRMOw.jpg,#a4a3a8,#408a59,#40895b
https://i.redd.it/rubsfuf64lvy.jpg,#bbb4a2,#bcb5a3,#bab3a1
https://i.redd.it/nrafqoujmety.jpg,#232124,#242225,#222023
https://i.redd.it/ru12lvaf7jyy.jpg,#9d9996,#9c9895,#9e9a97
https://i.redd.it/c5pk0vnpg3ty.jpg,#6e81cd,#6e81ce,#fefefe
http://i.imgur.com/qvnjbVw.jpg,#a9acb5,#a8abb4,#aaadb6
https://i.redd.it/ax4eueu0szpy.jpg,#22273a,#bcbac8,#bcbac7
https://i.redd.it/guul6eld2soy.jpg,#6b7b94,#6d7d96,#807967
http://i.imgur.com/Gh2I3pq.jpg,#c7b09e,#ceb9a8,#cfbaa9
https://i.redd.it/m4cfqp8wfv5z.jpg,#dadadc,#d0d0d0,#d1d1d1
https://i.redd.it/tb5pckm6e72y.jpg,#b8b6aa,#a1a29d,#a0a19c
https://i.redd.it/fyqzavufvjwy.jpg,#dcb083,#fefefe,#daae81
https://i.redd.it/lsuw4p2ncyny.jpg,#ffffff,#af7536,#fffffd
http://i.imgur.com/FApqk3D.jpg,#ffffff,#000000,#f3c300
http://i.imgur.com/TKLs9lo.jpg,#ffffff,#fefefe,#f7f7f7
https://i.redd.it/d8021b5i2moy.jpg,#ffffff,#020305,#030406
https://i.redd.it/4m5yk8gjrtzy.jpg,#010101,#020001,#040001
https://i.redd.it/xae65ypfqycy.jpg,#f4f4f4,#c83a2e,#c24541
http://i.imgur.com/lcEUZHv.jpg,#ffffff,#c6bbbf,#444a5a
https://i.redd.it/1nlgrn49x7ry.jpg,#0f0f0f,#101010,#14100d
http://i.imgur.com/M3NOzLC.jpg,#ffffff,#93907d,#928f7c
https://i.redd.it/w5q6gldnvcuy.jpg,#f3f3f3,#19161d,#18151c
https://i.redd.it/s5viyluv421z.jpg,#f5eedc,#7a522f,#f6efdd
https://i.redd.it/h5t3qddvvzry.jpg,#0e0e0e,#0d0d0d,#020202
https://i.redd.it/ftd3sx5ah13z.jpg,#fdfeff,#b44b2d,#b54b31
https://i.redd.it/7ofdqmp53bzy.jpg,#978a6a,#968969,#958868
http://i.imgur.com/sXhEQez.jpg,#ffffff,#000000,#fefefe
https://i.redd.it/cwljeujku33z.jpg,#e9e6df,#e4e1dc,#e9e4de
https://i.redd.it/fsuv32a1cc9y.jpg,#ffffff,#fefefe,#fdfdfd
http://i.imgur.com/enhDnTM.jpg,#ffffff,#000000,#c7e5ef
http://i.imgur.com/tyDhTll.jpg,#070705,#050503,#060604
http://i.imgur.com/puEqa4C.jpg,#908e9c,#928fa2,#92909e
https://i.redd.it/ihczg3pmle3z.jpg,#b0b9a8,#a3ac9b,#afb8a7
https://i.redd.it/cpkq97klre4z.jpg,#777868,#767767,#b3b4a4
http://i.imgur.com/RycdbMO.jpg,#f0f7ff,#f2f9ff,#f1f8ff
https://i.redd.it/sn7ufk9fsv4z.jpg,#ccd1d7,#cbd0d6,#cacfd5
https://i.redd.it/n9jq5j2tatcy.jpg,#f3ffff,#f3feff,#f4ffff
https://i.redd.it/0qow2dksb34z.jpg,#ffffff,#9fcaec,#fffffd
http://i.imgur.com/pt9rmrv.jpg,#ffffff,#fcebdb,#fbeada
http://i.imgur.com/6pnYQUv.jpg,#191a1e,#1a1b1f,#18191d
https://i.imgur.com/HRgRMOw.jpg,#a4a3a8,#408a59,#40895b
https://i.redd.it/rubsfuf64lvy.jpg,#bbb4a2,#bcb5a3,#bab3a1
https://i.redd.it/nrafqoujmety.jpg,#232124,#242225,#222023
https://i.redd.it/ru12lvaf7jyy.jpg,#9d9996,#9c9895,#9e9a97
https://i.redd.it/c5pk0vnpg3ty.jpg,#6e81cd,#6e81ce,#fefefe
http://i.imgur.com/qvnjbVw.jpg,#a9acb5,#a8abb4,#aaadb6
https://i.redd.it/ax4eueu0szpy.jpg,#22273a,#bcbac8,#bcbac7
https://i.redd.it/guul6eld2soy.jpg,#6b7b94,#6d7d96,#807967
http://i.imgur.com/Gh2I3pq.jpg,#c7b09e,#ceb9a8,#cfbaa9
https://i.redd.it/m4cfqp8wfv5z.jpg,#dadadc,#d0d0d0,#d1d1d1
https://i.redd.it/tb5pckm6e72y.jpg,#b8b6aa,#a1a29d,#a0a19c
https://i.redd.it/fyqzavufvjwy.jpg,#dcb083,#fefefe,#daae81
https://i.redd.it/lsuw4p2ncyny.jpg,#ffffff,#af7536,#fffffd
http://i.imgur.com/FApqk3D.jpg,#ffffff,#000000,#f3c300
http://i.imgur.com/TKLs9lo.jpg,#ffffff,#fefefe,#f7f7f7
https://i.redd.it/d8021b5i2moy.jpg,#ffffff,#020305,#030406
https://i.redd.it/4m5yk8gjrtzy.jpg,#010101,#020001,#040001
https://i.redd.it/xae65ypfqycy.jpg,#f4f4f4,#c83a2e,#c24541
http://i.imgur.com/lcEUZHv.jpg,#ffffff,#c6bbbf,#444a5a
https://i.redd.it/1nlgrn49x7ry.jpg,#0f0f0f,#101010,#14100d
http://i.imgur.com/M3NOzLC.jpg,#ffffff,#93907d,#928f7c
https://i.redd.it/w5q6gldnvcuy.jpg,#f3f3f3,#19161d,#18151c
https://i.redd.it/s5viyluv421z.jpg,#f5eedc,#7a522f,#f6efdd
https://i.redd.it/h5t3qddvvzry.jpg,#0e0e0e,#0d0d0d,#020202
https://i.redd.it/ftd3sx5ah13z.jpg,#fdfeff,#b44b2d,#b54b31
https://i.redd.it/7ofdqmp53bzy.jpg,#978a6a,#968969,#958868
http://i.imgur.com/sXhEQez.jpg,#ffffff,#000000,#fefefe
https://i.redd.it/cwljeujku33z.jpg,#e9e6df,#e4e1dc,#e9e4de
https://i.redd.it/fsuv32a1cc9y.jpg,#ffffff,#fefefe,#fdfdfd
http://i.imgur.com/enhDnTM.jpg,#ffffff,#000000,#c7e5ef
http://i.imgur.com/tyDhTll.jpg,#070705,#050503,#060604
http://i.imgur.com/puEqa4C.jpg,#908e9c,#928fa2,#92909e
https://i.redd.it/ihczg3pmle3z.jpg,#b0b9a8,#a3ac9b,#afb8a7
https://i.redd.it/cpkq97klre4z.jpg,#777868,#767767,#b3b4a4
http://i.imgur.com/RycdbMO.jpg,#f0f7ff,#f2f9ff,#f1f8ff
https://i.redd.it/sn7ufk9fsv4z.jpg,#ccd1d7,#cbd0d6,#cacfd5
https://i.redd.it/n9jq5j2tatcy.jpg,#f3ffff,#f3feff,#f4ffff
https://i.redd.it/0qow2dksb34z.jpg,#ffffff,#9fcaec,#fffffd
http://i.imgur.com/pt9rmrv.jpg,#ffffff,#fcebdb,#fbeada
http://i.imgur.com/6pnYQUv.jpg,#191a1e,#1a1b1f,#18191d
https://i.imgur.com/HRgRMOw.jpg,#a4a3a8,#408a59,#40895b
https://i.redd.it/rubsfuf64lvy.jpg,#bbb4a2,#bcb5a3,#bab3a1
https://i.redd.it/nrafqoujmety.jpg,#232124,#242225,#222023
https://i.redd.it/ru12lvaf7jyy.jpg,#9d9996,#9c9895,#9e9a97
https://i.redd.it/c5pk0vnpg3ty.jpg,#6e81cd,#6e81ce,#fefefe
http://i.imgur.com/qvnjbVw.jpg,#a9acb5,#a8abb4,#aaadb6
https://i.redd.it/ax4eueu0szpy.jpg,#22273a,#bcbac8,#bcbac7
https://i.redd.it/guul6eld2soy.jpg,#6b7b94,#6d7d96,#807967
http://i.imgur.com/Gh2I3pq.jpg,#c7b09e,#ceb9a8,#cfbaa9
https://i.redd.it/m4cfqp8wfv5z.jpg,#dadadc,#d0d0d0,#d1d1d1
https://i.redd.it/tb5pckm6e72y.jpg,#b8b6aa,#a1a29d,#a0a19c
https://i.redd.it/fyqzavufvjwy.jpg,#dcb083,#fefefe,#daae81
https://i.redd.it/lsuw4p2ncyny.jpg,#ffffff,#af7536,#fffffd
http://i.imgur.com/FApqk3D.jpg,#ffffff,#000000,#f3c300
http://i.imgur.com/TKLs9lo.jpg,#ffffff,#fefefe,#f7f7f7
https://i.redd.it/d8021b5i2moy.jpg,#ffffff,#020305,#030406
https://i.redd.it/4m5yk8gjrtzy.jpg,#010101,#020001,#040001
https://i.redd.it/xae65ypfqycy.jpg,#f4f4f4,#c83a2e,#c24541
http://i.imgur.com/lcEUZHv.jpg,#ffffff,#c6bbbf,#444a5a
https://i.redd.it/1nlgrn49x7ry.jpg,#0f0f0f,#101010,#14100d
http://i.imgur.com/M3NOzLC.jpg,#ffffff,#93907d,#928f7c
https://i.redd.it/w5q6gldnvcuy.jpg,#f3f3f3,#19161d,#18151c
https://i.redd.it/s5viyluv421z.jpg,#f5eedc,#7a522f,#f6efdd
https://i.redd.it/h5t3qddvvzry.jpg,#0e0e0e,#0d0d0d,#020202
https://i.redd.it/ftd3sx5ah13z.jpg,#fdfeff,#b44b2d,#b54b31
https://i.redd.it/7ofdqmp53bzy.jpg,#978a6a,#968969,#958868
http://i.imgur.com/sXhEQez.jpg,#ffffff,#000000,#fefefe
https://i.redd.it/cwljeujku33z.jpg,#e9e6df,#e4e1dc,#e9e4de
https://i.redd.it/fsuv32a1cc9y.jpg,#ffffff,#fefefe,#fdfdfd
http://i.imgur.com/enhDnTM.jpg,#ffffff,#000000,#c7e5ef
http://i.imgur.com/tyDhTll.jpg,#070705,#050503,#060604
http://i.imgur.com/puEqa4C.jpg,#908e9c,#928fa2,#92909e
https://i.redd.it/ihczg3pmle3z.jpg,#b0b9a8,#a3ac9b,#afb8a7
https://i.redd.it/cpkq97klre4z.jpg,#777868,#767767,#b3b4a4
http://i.imgur.com/RycdbMO.jpg,#f0f7ff,#f2f9ff,#f1f8ff
https://i.redd.it/sn7ufk9fsv4z.jpg,#ccd1d7,#cbd0d6,#cacfd5
https://i.redd.it/n9jq5j2tatcy.jpg,#f3ffff,#f3feff,#f4ffff
https://i.redd.it/0qow2dksb34z.jpg,#ffffff,#9fcaec,#fffffd
http://i.imgur.com/pt9rmrv.jpg,#ffffff,#fcebdb,#fbeada
http://i.imgur.com/6pnYQUv.jpg,#191a1e,#1a1b1f,#18191d
https://i.imgur.com/HRgRMOw.jpg,#a4a3a8,#408a59,#40895b
https://i.redd.it/rubsfuf64lvy.jpg,#bbb4a2,#bcb5a3,#bab3a1
https://i.redd.it/nrafqoujmety.jpg,#232124,#242225,#222023
https://i.redd.it/ru12lvaf7jyy.jpg,#9d9996,#9c9895,#9e9a97
https://i.redd.it/c5pk0vnpg3ty.jpg,#6e81cd,#6e81ce,#fefefe
http://i.imgur.com/qvnjbVw.jpg,#a9acb5,#a8abb4,#aaadb6
https://i.redd.it/ax4eueu0szpy.jpg,#22273a,#bcbac8,#bcbac7
https://i.redd.it/guul6eld2soy.jpg,#6b7b94,#6d7d96,#807967
http://i.imgur.com/Gh2I3pq.jpg,#c7b09e,#ceb9a8,#cfbaa9
https://i.redd.it/m4cfqp8wfv5z.jpg,#dadadc,#d0d0d0,#d1d1d1
https://i.redd.it/tb5pckm6e72y.jpg,#b8b6aa,#a1a29d,#a0a19c
https://i.redd.it/fyqzavufvjwy.jpg,#dcb083,#fefefe,#daae81
https://i.redd.it/lsuw4p2ncyny.jpg,#ffffff,#af7536,#fffffd
http://i.imgur.com/FApqk3D.jpg,#ffffff,#000000,#f3c300
http://i.imgur.com/TKLs9lo.jpg,#ffffff,#fefefe,#f7f7f7
https://i.redd.it/d8021b5i2moy.jpg,#ffffff,#020305,#030406
https://i.redd.it/4m5yk8gjrtzy.jpg,#010101,#020001,#040001
https://i.redd.it/xae65ypfqycy.jpg,#f4f4f4,#c83a2e,#c24541
http://i.imgur.com/lcEUZHv.jpg,#ffffff,#c6bbbf,#444a5a
https://i.redd.it/1nlgrn49x7ry.jpg,#0f0f0f,#101010,#14100d
http://i.imgur.com/M3NOzLC.jpg,#ffffff,#93907d,#928f7c
https://i.redd.it/w5q6gldnvcuy.jpg,#f3f3f3,#19161d,#18151c
https://i.redd.it/s5viyluv421z.jpg,#f5eedc,#7a522f,#f6efdd
https://i.redd.it/h5t3qddvvzry.jpg,#0e0e0e,#0d0d0d,#020202
https://i.redd.it/ftd3sx5ah13z.jpg,#fdfeff,#b44b2d,#b54b31
https://i.redd.it/7ofdqmp53bzy.jpg,#978a6a,#968969,#958868
http://i.imgur.com/sXhEQez.jpg,#ffffff,#000000,#fefefe
https://i.redd.it/cwljeujku33z.jpg,#e9e6df,#e4e1dc,#e9e4de
https://i.redd.it/fsuv32a1cc9y.jpg,#ffffff,#fefefe,#fdfdfd
http://i.imgur.com/enhDnTM.jpg,#ffffff,#000000,#c7e5ef
http://i.imgur.com/tyDhTll.jpg,#070705,#050503,#060604
http://i.imgur.com/puEqa4C.jpg,#908e9c,#928fa2,#92909e
https://i.redd.it/ihczg3pmle3z.jpg,#b0b9a8,#a3ac9b,#afb8a7
https://i.redd.it/cpkq97klre4z.jpg,#777868,#767767,#b3b4a4
http://i.imgur.com/RycdbMO.jpg,#f0f7ff,#f2f9ff,#f1f8ff
https://i.redd.it/sn7ufk9fsv4z.jpg,#ccd1d7,#cbd0d6,#cacfd5
https://i.redd.it/n9jq5j2tatcy.jpg,#f3ffff,#f3feff,#f4ffff
https://i.redd.it/0qow2dksb34z.jpg,#ffffff,#9fcaec,#fffffd
http://i.imgur.com/pt9rmrv.jpg,#ffffff,#fcebdb,#fbeada
http://i.imgur.com/6pnYQUv.jpg,#191a1e,#1a1b1f,#18191d
https://i.imgur.com/HRgRMOw.jpg,#a4a3a8,#408a59,#40895b
https://i.redd.it/rubsfuf64lvy.jpg,#bbb4a2,#bcb5a3,#bab3a1
https://i.redd.it/nrafqoujmety.jpg,#232124,#242225,#222023
https://i.redd.it/ru12lvaf7jyy.jpg,#9d9996,#9c9895,#9e9a97
https://i.redd.it/c5pk0vnpg3ty.jpg,#6e81cd,#6e81ce,#fefefe
http://i.imgur.com/qvnjbVw.jpg,#a9acb5,#a8abb4,#aaadb6
https://i.redd.it/ax4eueu0szpy.jpg,#22273a,#bcbac8,#bcbac7
https://i.redd.it/guul6eld2soy.jpg,#6b7b94,#6d7d96,#807967
http://i.imgur.com/Gh2I3pq.jpg,#c7b09e,#ceb9a8,#cfbaa9
https://i.redd.it/m4cfqp8wfv5z.jpg,#dadadc,#d0d0d0,#d1d1d1
https://i.redd.it/tb5pckm6e72y.jpg,#b8b6aa,#a1a29d,#a0a19c
https://i.redd.it/fyqzavufvjwy.jpg,#dcb083,#fefefe,#daae81
https://i.redd.it/lsuw4p2ncyny.jpg,#ffffff,#af7536,#fffffd
http://i.imgur.com/FApqk3D.jpg,#ffffff,#000000,#f3c300
http://i.imgur.com/TKLs9lo.jpg,#ffffff,#fefefe,#f7f7f7
https://i.redd.it/d8021b5i2moy.jpg,#ffffff,#020305,#030406
https://i.redd.it/4m5yk8gjrtzy.jpg,#010101,#020001,#040001
https://i.redd.it/xae65ypfqycy.jpg,#f4f4f4,#c83a2e,#c24541
http://i.imgur.com/lcEUZHv.jpg,#ffffff,#c6bbbf,#444a5a
https://i.redd.it/1nlgrn49x7ry.jpg,#0f0f0f,#101010,#14100d
http://i.imgur.com/M3NOzLC.jpg,#ffffff,#93907d,#928f7c
https://i.redd.it/w5q6gldnvcuy.jpg,#f3f3f3,#19161d,#18151c
https://i.redd.it/s5viyluv421z.jpg,#f5eedc,#7a522f,#f6efdd
https://i.redd.it/h5t3qddvvzry.jpg,#0e0e0e,#0d0d0d,#020202
https://i.redd.it/ftd3sx5ah13z.jpg,#fdfeff,#b44b2d,#b54b31
https://i.redd.it/7ofdqmp53bzy.jpg,#978a6a,#968969,#958868
http://i.imgur.com/sXhEQez.jpg,#ffffff,#000000,#fefefe
https://i.redd.it/cwljeujku33z.jpg,#e9e6df,#e4e1dc,#e9e4de
https://i.redd.it/fsuv32a1cc9y.jpg,#ffffff,#fefefe,#fdfdfd
http://i.imgur.com/enhDnTM.jpg,#ffffff,#000000,#c7e5ef
http://i.imgur.com/tyDhTll.jpg,#070705,#050503,#060604
http://i.imgur.com/puEqa4C.jpg,#908e9c,#928fa2,#92909e
https://i.redd.it/ihczg3pmle3z.jpg,#b0b9a8,#a3ac9b,#afb8a7
https://i.redd.it/cpkq97klre4z.jpg,#777868,#767767,#b3b4a4
http://i.imgur.com/RycdbMO.jpg,#f0f7ff,#f2f9ff,#f1f8ff
https://i.redd.it/sn7ufk9fsv4z.jpg,#ccd1d7,#cbd0d6,#cacfd5
https://i.redd.it/n9jq5j2tatcy.jpg,#f3ffff,#f3feff,#f4ffff
https://i.redd.it/0qow2dksb34z.jpg,#ffffff,#9fcaec,#fffffd
http://i.imgur.com/pt9rmrv.jpg,#ffffff,#fcebdb,#fbeada
http://i.imgur.com/6pnYQUv.jpg,#191a1e,#1a1b1f,#18191d
https://i.imgur.com/HRgRMOw.jpg,#a4a3a8,#408a59,#40895b
https://i.redd.it/rubsfuf64lvy.jpg,#bbb4a2,#bcb5a3,#bab3a1
https://i.redd.it/nrafqoujmety.jpg,#232124,#242225,#222023
https://i.redd.it/ru12lvaf7jyy.jpg,#9d9996,#9c9895,#9e9a97
https://i.redd.it/c5pk0vnpg3ty.jpg,#6e81cd,#6e81ce,#fefefe
http://i.imgur.com/qvnjbVw.jpg,#a9acb5,#a8abb4,#aaadb6
https://i.redd.it/ax4eueu0szpy.jpg,#22273a,#bcbac8,#bcbac7
https://i.redd.it/guul6eld2soy.jpg,#6b7b94,#6d7d96,#807967
http://i.imgur.com/Gh2I3pq.jpg,#c7b09e,#ceb9a8,#cfbaa9
https://i.redd.it/m4cfqp8wfv5z.jpg,#dadadc,#d0d0d0,#d1d1d1
https://i.redd.it/tb5pckm6e72y.jpg,#b8b6aa,#a1a29d,#a0a19c
https://i.redd.it/fyqzavufvjwy.jpg,#dcb083,#fefefe,#daae81
https://i.redd.it/lsuw4p2ncyny.jpg,#ffffff,#af7536,#fffffd
http://i.imgur.com/FApqk3D.jpg,#ffffff,#000000,#f3c300
http://i.imgur.com/TKLs9lo.jpg,#ffffff,#fefefe,#f7f7f7
https://i.redd.it/d8021b5i2moy.jpg,#ffffff,#020305,#030406
https://i.redd.it/4m5yk8gjrtzy.jpg,#010101,#020001,#040001
https://i.redd.it/xae65ypfqycy.jpg,#f4f4f4,#c83a2e,#c24541
http://i.imgur.com/lcEUZHv.jpg,#ffffff,#c6bbbf,#444a5a
https://i.redd.it/1nlgrn49x7ry.jpg,#0f0f0f,#101010,#14100d
http://i.imgur.com/M3NOzLC.jpg,#ffffff,#93907d,#928f7c
https://i.redd.it/w5q6gldnvcuy.jpg,#f3f3f3,#19161d,#18151c
https://i.redd.it/s5viyluv421z.jpg,#f5eedc,#7a522f,#f6efdd
https://i.redd.it/h5t3qddvvzry.jpg,#0e0e0e,#0d0d0d,#020202
https://i.redd.it/ftd3sx5ah13z.jpg,#fdfeff,#b44b2d,#b54b31
https://i.redd.it/7ofdqmp53bzy.jpg,#978a6a,#968969,#958868
http://i.imgur.com/sXhEQez.jpg,#ffffff,#000000,#fefefe
https://i.redd.it/cwljeujku33z.jpg,#e9e6df,#e4e1dc,#e9e4de
https://i.redd.it/fsuv32a1cc9y.jpg,#ffffff,#fefefe,#fdfdfd
http://i.imgur.com/enhDnTM.jpg,#ffffff,#000000,#c7e5ef
http://i.imgur.com/tyDhTll.jpg,#070705,#050503,#060604
http://i.imgur.com/puEqa4C.jpg,#908e9c,#928fa2,#92909e
https://i.redd.it/ihczg3pmle3z.jpg,#b0b9a8,#a3ac9b,#afb8a7
https://i.redd.it/cpkq97klre4z.jpg,#777868,#767767,#b3b4a4
http://i.imgur.com/RycdbMO.jpg,#f0f7ff,#f2f9ff,#f1f8ff
https://i.redd.it/sn7ufk9fsv4z.jpg,#ccd1d7,#cbd0d6,#cacfd5
https://i.redd.it/n9jq5j2tatcy.jpg,#f3ffff,#f3feff,#f4ffff
https://i.redd.it/0qow2dksb34z.jpg,#ffffff,#9fcaec,#fffffd
http://i.imgur.com/pt9rmrv.jpg,#ffffff,#fcebdb,#fbeada
http://i.imgur.com/6pnYQUv.jpg,#191a1e,#1a1b1f,#18191d
https://i.imgur.com/HRgRMOw.jpg,#a4a3a8,#408a59,#40895b
https://i.redd.it/rubsfuf64lvy.jpg,#bbb4a2,#bcb5a3,#bab3a1
https://i.redd.it/nrafqoujmety.jpg,#232124,#242225,#222023
https://i.redd.it/ru12lvaf7jyy.jpg,#9d9996,#9c9895,#9e9a97
https://i.redd.it/c5pk0vnpg3ty.jpg,#6e81cd,#6e81ce,#fefefe
http://i.imgur.com/qvnjbVw.jpg,#a9acb5,#a8abb4,#aaadb6
https://i.redd.it/ax4eueu0szpy.jpg,#22273a,#bcbac8,#bcbac7
https://i.redd.it/guul6eld2soy.jpg,#6b7b94,#6d7d96,#807967
http://i.imgur.com/Gh2I3pq.jpg,#c7b09e,#ceb9a8,#cfbaa9
https://i.redd.it/m4cfqp8wfv5z.jpg,#dadadc,#d0d0d0,#d1d1d1
https://i.redd.it/tb5pckm6e72y.jpg,#b8b6aa,#a1a29d,#a0a19c
https://i.redd.it/fyqzavufvjwy.jpg,#dcb083,#fefefe,#daae81
https://i.redd.it/lsuw4p2ncyny.jpg,#ffffff,#af7536,#fffffd
http://i.imgur.com/FApqk3D.jpg,#ffffff,#000000,#f3c300
http://i.imgur.com/TKLs9lo.jpg,#ffffff,#fefefe,#f7f7f7
https://i.redd.it/d8021b5i2moy.jpg,#ffffff,#020305,#030406
https://i.redd.it/4m5yk8gjrtzy.jpg,#010101,#020001,#040001
https://i.redd.it/xae65ypfqycy.jpg,#f4f4f4,#c83a2e,#c24541
http://i.imgur.com/lcEUZHv.jpg,#ffffff,#c6bbbf,#444a5a
https://i.redd.it/1nlgrn49x7ry.jpg,#0f0f0f,#101010,#14100d
http://i.imgur.com/M3NOzLC.jpg,#ffffff,#93907d,#928f7c
https://i.redd.it/w5q6gldnvcuy.jpg,#f3f3f3,#19161d,#18151c
https://i.redd.it/s5viyluv421z.jpg,#f5eedc,#7a522f,#f6efdd
https://i.redd.it/h5t3qddvvzry.jpg,#0e0e0e,#0d0d0d,#020202
https://i.redd.it/ftd3sx5ah13z.jpg,#fdfeff,#b44b2d,#b54b31
https://i.redd.it/7ofdqmp53bzy.jpg,#978a6a,#968969,#958868
http://i.imgur.com/sXhEQez.jpg,#ffffff,#000000,#fefefe
https://i.redd.it/cwljeujku33z.jpg,#e9e6df,#e4e1dc,#e9e4de
https://i.redd.it/fsuv32a1cc9y.jpg,#ffffff,#fefefe,#fdfdfd
http://i.imgur.com/enhDnTM.jpg,#ffffff,#000000,#c7e5ef
http://i.imgur.com/tyDhTll.jpg,#070705,#050503,#060604
http://i.imgur.com/puEqa4C.jpg,#908e9c,#928fa2,#92909e
https://i.redd.it/ihczg3pmle3z.jpg,#b0b9a8,#a3ac9b,#afb8a7
https://i.redd.it/cpkq97klre4z.jpg,#777868,#767767,#b3b4a4
http://i.imgur.com/RycdbMO.jpg,#f0f7ff,#f2f9ff,#f1f8ff
https://i.redd.it/sn7ufk9fsv4z.jpg,#ccd1d7,#cbd0d6,#cacfd5
https://i.redd.it/n9jq5j2tatcy.jpg,#f3ffff,#f3feff,#f4ffff
https://i.redd.it/0qow2dksb34z.jpg,#ffffff,#9fcaec,#fffffd
http://i.imgur.com/pt9rmrv.jpg,#ffffff,#fcebdb,#fbeada
http://i.imgur.com/6pnYQUv.jpg,#191a1e,#1a1b1f,#18191d
https://i.imgur.com/HRgRMOw.jpg,#a4a3a8,#408a59,#40895b
https://i.redd.it/rubsfuf64lvy.jpg,#bbb4a2,#bcb5a3,#bab3a1
https://i.redd.it/nrafqoujmety.jpg,#232124,#242225,#222023
https://i.redd.it/ru12lvaf7jyy.jpg,#9d9996,#9c9895,#9e9a97
https://i.redd.it/c5pk0vnpg3ty.jpg,#6e81cd,#6e81ce,#fefefe
http://i.imgur.com/qvnjbVw.jpg,#a9acb5,#a8abb4,#aaadb6
https://i.redd.it/ax4eueu0szpy.jpg,#22273a,#bcbac8,#bcbac7
https://i.redd.it/guul6eld2soy.jpg,#6b7b94,#6d7d96,#807967
http://i.imgur.com/Gh2I3pq.jpg,#c7b09e,#ceb9a8,#cfbaa9
https://i.redd.it/m4cfqp8wfv5z.jpg,#dadadc,#d0d0d0,#d1d1d1
https://i.redd.it/tb5pckm6e72y.jpg,#b8b6aa,#a1a29d,#a0a19c
https://i.redd.it/fyqzavufvjwy.jpg,#dcb083,#fefefe,#daae81
https://i.redd.it/lsuw4p2ncyny.jpg,#ffffff,#af7536,#fffffd
http://i.imgur.com/FApqk3D.jpg,#ffffff,#000000,#f3c300
http://i.imgur.com/TKLs9lo.jpg,#ffffff,#fefefe,#f7f7f7
https://i.redd.it/d8021b5i2moy.jpg,#ffffff,#020305,#030406
https://i.redd.it/4m5yk8gjrtzy.jpg,#010101,#020001,#040001
https://i.redd.it/xae65ypfqycy.jpg,#f4f4f4,#c83a2e,#c24541
http://i.imgur.com/lcEUZHv.jpg,#ffffff,#c6bbbf,#444a5a
https://i.redd.it/1nlgrn49x7ry.jpg,#0f0f0f,#101010,#14100d
http://i.imgur.com/M3NOzLC.jpg,#ffffff,#93907d,#928f7c
https://i.redd.it/w5q6gldnvcuy.jpg,#f3f3f3,#19161d,#18151c
https://i.redd.it/s5viyluv421z.jpg,#f5eedc,#7a522f,#f6efdd
https://i.redd.it/h5t3qddvvzry.jpg,#0e0e0e,#0d0d0d,#020202
https://i.redd.it/ftd3sx5ah13z.jpg,#fdfeff,#b44b2d,#b54b31
https://i.redd.it/7ofdqmp53bzy.jpg,#978a6a,#968969,#958868
http://i.imgur.com/sXhEQez.jpg,#ffffff,#000000,#fefefe
https://i.redd.it/cwljeujku33z.jpg,#e9e6df,#e4e1dc,#e9e4de
https://i.redd.it/fsuv32a1cc9y.jpg,#ffffff,#fefefe,#fdfdfd
http://i.imgur.com/enhDnTM.jpg,#ffffff,#000000,#c7e5ef
http://i.imgur.com/tyDhTll.jpg,#070705,#050503,#060604
http://i.imgur.com/puEqa4C.jpg,#908e9c,#928fa2,#92909e
https://i.redd.it/ihczg3pmle3z.jpg,#b0b9a8,#a3ac9b,#afb8a7
https://i.redd.it/cpkq97klre4z.jpg,#777868,#767767,#b3b4a4
http://i.imgur.com/RycdbMO.jpg,#f0f7ff,#f2f9ff,#f1f8ff
https://i.redd.it/sn7ufk9fsv4z.jpg,#ccd1d7,#cbd0d6,#cacfd5
https://i.redd.it/n9jq5j2tatcy.jpg,#f3ffff,#f3feff,#f4ffff
https://i.redd.it/0qow2dksb34z.jpg,#ffffff,#9fcaec,#fffffd
http://i.imgur.com/pt9rmrv.jpg,#ffffff,#fcebdb,#fbeada
http://i.imgur.com/6pnYQUv.jpg,#191a1e,#1a1b1f,#18191d
https://i.imgur.com/HRgRMOw.jpg,#a4a3a8,#408a59,#40895b
https://i.redd.it/rubsfuf64lvy.jpg,#bbb4a2,#bcb5a3,#bab3a1
https://i.redd.it/nrafqoujmety.jpg,#232124,#242225,#222023
https://i.redd.it/ru12lvaf7jyy.jpg,#9d9996,#9c9895,#9e9a97
https://i.redd.it/c5pk0vnpg3ty.jpg,#6e81cd,#6e81ce,#fefefe
http://i.imgur.com/qvnjbVw.jpg,#a9acb5,#a8abb4,#aaadb6
https://i.redd.it/ax4eueu0szpy.jpg,#22273a,#bcbac8,#bcbac7
https://i.redd.it/guul6eld2soy.jpg,#6b7b94,#6d7d96,#807967
http://i.imgur.com/Gh2I3pq.jpg,#c7b09e,#ceb9a8,#cfbaa9
https://i.redd.it/m4cfqp8wfv5z.jpg,#dadadc,#d0d0d0,#d1d1d1
https://i.redd.it/tb5pckm6e72y.jpg,#b8b6aa,#a1a29d,#a0a19c
https://i.redd.it/fyqzavufvjwy.jpg,#dcb083,#fefefe,#daae81
https://i.redd.it/lsuw4p2ncyny.jpg,#ffffff,#af7536,#fffffd
http://i.imgur.com/FApqk3D.jpg,#ffffff,#000000,#f3c300
http://i.imgur.com/TKLs9lo.jpg,#ffffff,#fefefe,#f7f7f7
https://i.redd.it/d8021b5i2moy.jpg,#ffffff,#020305,#030406
https://i.redd.it/4m5yk8gjrtzy.jpg,#010101,#020001,#040001
https://i.redd.it/xae65ypfqycy.jpg,#f4f4f4,#c83a2e,#c24541
http://i.imgur.com/lcEUZHv.jpg,#ffffff,#c6bbbf,#444a5a
https://i.redd.it/1nlgrn49x7ry.jpg,#0f0f0f,#101010,#14100d
http://i.imgur.com/M3NOzLC.jpg,#ffffff,#93907d,#928f7c
https://i.redd.it/w5q6gldnvcuy.jpg,#f3f3f3,#19161d,#18151c
https://i.redd.it/s5viyluv421z.jpg,#f5eedc,#7a522f,#f6efdd
https://i.redd.it/h5t3qddvvzry.jpg,#0e0e0e,#0d0d0d,#020202
https://i.redd.it/ftd3sx5ah13z.jpg,#fdfeff,#b44b2d,#b54b31
https://i.redd.it/7ofdqmp53bzy.jpg,#978a6a,#968969,#958868
http://i.imgur.com/sXhEQez.jpg,#ffffff,#000000,#fefefe
https://i.redd.it/cwljeujku33z.jpg,#e9e6df,#e4e1dc,#e9e4de
https://i.redd.it/fsuv32a1cc9y.jpg,#ffffff,#fefefe,#fdfdfd
http://i.imgur.com/enhDnTM.jpg,#ffffff,#000000,#c7e5ef
http://i.imgur.com/tyDhTll.jpg,#070705,#050503,#060604
http://i.imgur.com/puEqa4C.jpg,#908e9c,#928fa2,#92909e
https://i.redd.it/ihczg3pmle3z.jpg,#b0b9a8,#a3ac9b,#afb8a7
https://i.redd.it/cpkq97klre4z.jpg,#777868,#767767,#b3b4a4
http://i.imgur.com/RycdbMO.jpg,#f0f7ff,#f2f9ff,#f1f8ff
https://i.redd.it/sn7ufk9fsv4z.jpg,#ccd1d7,#cbd0d6,#cacfd5
https://i.redd.it/n9jq5j2tatcy.jpg,#f3ffff,#f3feff,#f4ffff
https://i.redd.it/0qow2dksb34z.jpg,#ffffff,#9fcaec,#fffffd
http://i.imgur.com/pt9rmrv.jpg,#ffffff,#fcebdb,#fbeada
http://i.imgur.com/6pnYQUv.jpg,#191a1e,#1a1b1f,#18191d
https://i.imgur.com/HRgRMOw.jpg,#a4a3a8,#408a59,#40895b
https://i.redd.it/rubsfuf64lvy.jpg,#bbb4a2,#bcb5a3,#bab3a1
https://i.redd.it/nrafqoujmety.jpg,#232124,#242225,#222023
https://i.redd.it/ru12lvaf7jyy.jpg,#9d9996,#9c9895,#9e9a97
https://i.redd.it/c5pk0vnpg3ty.jpg,#6e81cd,#6e81ce,#fefefe
http://i.imgur.com/qvnjbVw.jpg,#a9acb5,#a8abb4,#aaadb6
https://i.redd.it/ax4eueu0szpy.jpg,#22273a,#bcbac8,#bcbac7
https://i.redd.it/guul6eld2soy.jpg,#6b7b94,#6d7d96,#807967
http://i.imgur.com/Gh2I3pq.jpg,#c7b09e,#ceb9a8,#cfbaa9
https://i.redd.it/m4cfqp8wfv5z.jpg,#dadadc,#d0d0d0,#d1d1d1
https://i.redd.it/tb5pckm6e72y.jpg,#b8b6aa,#a1a29d,#a0a19c
https://i.redd.it/fyqzavufvjwy.jpg,#dcb083,#fefefe,#daae81
https://i.redd.it/lsuw4p2ncyny.jpg,#ffffff,#af7536,#fffffd
http://i.imgur.com/FApqk3D.jpg,#ffffff,#000000,#f3c300
http://i.imgur.com/TKLs9lo.jpg,#ffffff,#fefefe,#f7f7f7
https://i.redd.it/d8021b5i2moy.jpg,#ffffff,#020305,#030406
https://i.redd.it/4m5yk8gjrtzy.jpg,#010101,#020001,#040001
https://i.redd.it/xae65ypfqycy.jpg,#f4f4f4,#c83a2e,#c24541
http://i.imgur.com/lcEUZHv.jpg,#ffffff,#c6bbbf,#444a5a
https://i.redd.it/1nlgrn49x7ry.jpg,#0f0f0f,#101010,#14100d
http://i.imgur.com/M3NOzLC.jpg,#ffffff,#93907d,#928f7c
https://i.redd.it/w5q6gldnvcuy.jpg,#f3f3f3,#19161d,#18151c
https://i.redd.it/s5viyluv421z.jpg,#f5eedc,#7a522f,#f6efdd
https://i.redd.it/h5t3qddvvzry.jpg,#0e0e0e,#0d0d0d,#020202
https://i.redd.it/ftd3sx5ah13z.jpg,#fdfeff,#b44b2d,#b54b31
https://i.redd.it/7ofdqmp53bzy.jpg,#978a6a,#968969,#958868
http://i.imgur.com/sXhEQez.jpg,#ffffff,#000000,#fefefe
https://i.redd.it/cwljeujku33z.jpg,#e9e6df,#e4e1dc,#e9e4de
https://i.redd.it/fsuv32a1cc9y.jpg,#ffffff,#fefefe,#fdfdfd
http://i.imgur.com/enhDnTM.jpg,#ffffff,#000000,#c7e5ef
http://i.imgur.com/tyDhTll.jpg,#070705,#050503,#060604
http://i.imgur.com/puEqa4C.jpg,#908e9c,#928fa2,#92909e
https://i.redd.it/ihczg3pmle3z.jpg,#b0b9a8,#a3ac9b,#afb8a7
https://i.redd.it/cpkq97klre4z.jpg,#777868,#767767,#b3b4a4
http://i.imgur.com/RycdbMO.jpg,#f0f7ff,#f2f9ff,#f1f8ff
https://i.redd.it/sn7ufk9fsv4z.jpg,#ccd1d7,#cbd0d6,#cacfd5
https://i.redd.it/n9jq5j2tatcy.jpg,#f3ffff,#f3feff,#f4ffff
https://i.redd.it/0qow2dksb34z.jpg,#ffffff,#9fcaec,#fffffd
http://i.imgur.com/pt9rmrv.jpg,#ffffff,#fcebdb,#fbeada
http://i.imgur.com/6pnYQUv.jpg,#191a1e,#1a1b1f,#18191d
https://i.imgur.com/HRgRMOw.jpg,#a4a3a8,#408a59,#40895b
https://i.redd.it/rubsfuf64lvy.jpg,#bbb4a2,#bcb5a3,#bab3a1
https://i.redd.it/nrafqoujmety.jpg,#232124,#242225,#222023
https://i.redd.it/ru12lvaf7jyy.jpg,#9d9996,#9c9895,#9e9a97
https://i.redd.it/c5pk0vnpg3ty.jpg,#6e81cd,#6e81ce,#fefefe
http://i.imgur.com/qvnjbVw.jpg,#a9acb5,#a8abb4,#aaadb6
https://i.redd.it/ax4eueu0szpy.jpg,#22273a,#bcbac8,#bcbac7
https://i.redd.it/guul6eld2soy.jpg,#6b7b94,#6d7d96,#807967
http://i.imgur.com/Gh2I3pq.jpg,#c7b09e,#ceb9a8,#cfbaa9
https://i.redd.it/m4cfqp8wfv5z.jpg,#dadadc,#d0d0d0,#d1d1d1
https://i.redd.it/tb5pckm6e72y.jpg,#b8b6aa,#a1a29d,#a0a19c
https://i.redd.it/fyqzavufvjwy.jpg,#dcb083,#fefefe,#daae81
https://i.redd.it/lsuw4p2ncyny.jpg,#ffffff,#af7536,#fffffd
